{
  "id": "1066523",
  "name": "saber",
  "font_family": "iconfont",
  "css_prefix_text": "icon",
  "description": "saber图标库",
  "glyphs": [
    {
      "icon_id": "7396772",
      "name": "gitee",
      "font_class": "gitee2",
      "unicode": "e6d6",
      "unicode_decimal": 59094
    },
    {
      "icon_id": "431779",
      "name": "github",
      "font_class": "github",
      "unicode": "e709",
      "unicode_decimal": 59145
    },
    {
      "icon_id": "7766806",
      "name": "icon_wechat",
      "font_class": "icon_wechat",
      "unicode": "ebde",
      "unicode_decimal": 60382
    },
    {
      "icon_id": "7766735",
      "name": "icon_exchange",
      "font_class": "icon_exchange",
      "unicode": "eba7",
      "unicode_decimal": 60327
    },
    {
      "icon_id": "7766736",
      "name": "icon_ding",
      "font_class": "icon_ding",
      "unicode": "eba8",
      "unicode_decimal": 60328
    },
    {
      "icon_id": "7766737",
      "name": "icon_down",
      "font_class": "icon_down",
      "unicode": "eba9",
      "unicode_decimal": 60329
    },
    {
      "icon_id": "7766740",
      "name": "icon_glass",
      "font_class": "icon_glass",
      "unicode": "ebaa",
      "unicode_decimal": 60330
    },
    {
      "icon_id": "7766742",
      "name": "icon_GPS",
      "font_class": "icon_GPS",
      "unicode": "ebab",
      "unicode_decimal": 60331
    },
    {
      "icon_id": "7766743",
      "name": "icon_hardware_fill",
      "font_class": "icon_hardware_fill",
      "unicode": "ebac",
      "unicode_decimal": 60332
    },
    {
      "icon_id": "7766745",
      "name": "icon_im_more",
      "font_class": "icon_im_more",
      "unicode": "ebad",
      "unicode_decimal": 60333
    },
    {
      "icon_id": "7766747",
      "name": "icon_group",
      "font_class": "icon_group",
      "unicode": "ebae",
      "unicode_decimal": 60334
    },
    {
      "icon_id": "7766748",
      "name": "icon_horn",
      "font_class": "icon_horn",
      "unicode": "ebaf",
      "unicode_decimal": 60335
    },
    {
      "icon_id": "7766749",
      "name": "icon_im_face",
      "font_class": "icon_im_face",
      "unicode": "ebb0",
      "unicode_decimal": 60336
    },
    {
      "icon_id": "7766752",
      "name": "icon_launch_page",
      "font_class": "icon_launch_page",
      "unicode": "ebb1",
      "unicode_decimal": 60337
    },
    {
      "icon_id": "7766753",
      "name": "icon_likegood",
      "font_class": "icon_likegood",
      "unicode": "ebb2",
      "unicode_decimal": 60338
    },
    {
      "icon_id": "7766754",
      "name": "icon_index_line",
      "font_class": "icon_index_line",
      "unicode": "ebb3",
      "unicode_decimal": 60339
    },
    {
      "icon_id": "7766755",
      "name": "icon_live",
      "font_class": "icon_live",
      "unicode": "ebb4",
      "unicode_decimal": 60340
    },
    {
      "icon_id": "7766756",
      "name": "icon_link",
      "font_class": "icon_link",
      "unicode": "ebb5",
      "unicode_decimal": 60341
    },
    {
      "icon_id": "7766757",
      "name": "icon_im_voice",
      "font_class": "icon_im_voice",
      "unicode": "ebb6",
      "unicode_decimal": 60342
    },
    {
      "icon_id": "7766758",
      "name": "icon_mobilephone",
      "font_class": "icon_mobilephone",
      "unicode": "ebb7",
      "unicode_decimal": 60343
    },
    {
      "icon_id": "7766759",
      "name": "icon_dmail",
      "font_class": "icon_dmail",
      "unicode": "ebb8",
      "unicode_decimal": 60344
    },
    {
      "icon_id": "7766760",
      "name": "icon_message",
      "font_class": "icon_message",
      "unicode": "ebb9",
      "unicode_decimal": 60345
    },
    {
      "icon_id": "7766763",
      "name": "icon_more",
      "font_class": "icon_more",
      "unicode": "ebba",
      "unicode_decimal": 60346
    },
    {
      "icon_id": "7766764",
      "name": "icon_left",
      "font_class": "icon_left",
      "unicode": "ebbb",
      "unicode_decimal": 60347
    },
    {
      "icon_id": "7766765",
      "name": "icon_next_arrow",
      "font_class": "icon_next_arrow",
      "unicode": "ebbc",
      "unicode_decimal": 60348
    },
    {
      "icon_id": "7766766",
      "name": "icon_notice",
      "font_class": "icon_notice",
      "unicode": "ebbd",
      "unicode_decimal": 60349
    },
    {
      "icon_id": "7766769",
      "name": "icon_namecard",
      "font_class": "icon_namecard",
      "unicode": "ebbe",
      "unicode_decimal": 60350
    },
    {
      "icon_id": "7766770",
      "name": "icon_phone",
      "font_class": "icon_phone",
      "unicode": "ebbf",
      "unicode_decimal": 60351
    },
    {
      "icon_id": "7766771",
      "name": "icon_qq",
      "font_class": "icon_qq",
      "unicode": "ebc0",
      "unicode_decimal": 60352
    },
    {
      "icon_id": "7766772",
      "name": "icon_photo",
      "font_class": "icon_photo",
      "unicode": "ebc1",
      "unicode_decimal": 60353
    },
    {
      "icon_id": "7766774",
      "name": "icon_redpacket",
      "font_class": "icon_redpacket",
      "unicode": "ebc2",
      "unicode_decimal": 60354
    },
    {
      "icon_id": "7766775",
      "name": "icon_patriarch",
      "font_class": "icon_patriarch",
      "unicode": "ebc3",
      "unicode_decimal": 60355
    },
    {
      "icon_id": "7766776",
      "name": "icon_roundclose",
      "font_class": "icon_roundclose",
      "unicode": "ebc4",
      "unicode_decimal": 60356
    },
    {
      "icon_id": "7766777",
      "name": "icon_im_keyboard",
      "font_class": "icon_im_keyboard",
      "unicode": "ebc5",
      "unicode_decimal": 60357
    },
    {
      "icon_id": "7766778",
      "name": "icon_roundreduce",
      "font_class": "icon_roundreduce",
      "unicode": "ebc6",
      "unicode_decimal": 60358
    },
    {
      "icon_id": "7766780",
      "name": "icon_QRcode",
      "font_class": "icon_QRcode",
      "unicode": "ebc7",
      "unicode_decimal": 60359
    },
    {
      "icon_id": "7766781",
      "name": "icon_savememo",
      "font_class": "icon_savememo",
      "unicode": "ebc8",
      "unicode_decimal": 60360
    },
    {
      "icon_id": "7766782",
      "name": "icon_roundadd",
      "font_class": "icon_roundadd",
      "unicode": "ebc9",
      "unicode_decimal": 60361
    },
    {
      "icon_id": "7766783",
      "name": "icon_refresh",
      "font_class": "icon_refresh",
      "unicode": "ebca",
      "unicode_decimal": 60362
    },
    {
      "icon_id": "7766784",
      "name": "icon_search",
      "font_class": "icon_search",
      "unicode": "ebcb",
      "unicode_decimal": 60363
    },
    {
      "icon_id": "7766785",
      "name": "icon_scan",
      "font_class": "icon_scan",
      "unicode": "ebcc",
      "unicode_decimal": 60364
    },
    {
      "icon_id": "7766786",
      "name": "icon_send",
      "font_class": "icon_send",
      "unicode": "ebcd",
      "unicode_decimal": 60365
    },
    {
      "icon_id": "7766787",
      "name": "icon_principal",
      "font_class": "icon_principal",
      "unicode": "ebce",
      "unicode_decimal": 60366
    },
    {
      "icon_id": "7766789",
      "name": "icon_scan_namecard",
      "font_class": "icon_scan_namecard",
      "unicode": "ebcf",
      "unicode_decimal": 60367
    },
    {
      "icon_id": "7766790",
      "name": "icon_secret",
      "font_class": "icon_secret",
      "unicode": "ebd0",
      "unicode_decimal": 60368
    },
    {
      "icon_id": "7766791",
      "name": "icon_share",
      "font_class": "icon_share",
      "unicode": "ebd1",
      "unicode_decimal": 60369
    },
    {
      "icon_id": "7766793",
      "name": "icon_sms",
      "font_class": "icon_sms",
      "unicode": "ebd2",
      "unicode_decimal": 60370
    },
    {
      "icon_id": "7766795",
      "name": "icon_setting",
      "font_class": "icon_setting",
      "unicode": "ebd3",
      "unicode_decimal": 60371
    },
    {
      "icon_id": "7766798",
      "name": "icon_star",
      "font_class": "icon_star",
      "unicode": "ebd4",
      "unicode_decimal": 60372
    },
    {
      "icon_id": "7766799",
      "name": "icon_subordinate",
      "font_class": "icon_subordinate",
      "unicode": "ebd5",
      "unicode_decimal": 60373
    },
    {
      "icon_id": "7766800",
      "name": "icon_task",
      "font_class": "icon_task",
      "unicode": "ebd6",
      "unicode_decimal": 60374
    },
    {
      "icon_id": "7766803",
      "name": "icon_study",
      "font_class": "icon_study",
      "unicode": "ebd7",
      "unicode_decimal": 60375
    },
    {
      "icon_id": "7766808",
      "name": "icon_work",
      "font_class": "icon_work",
      "unicode": "ebd8",
      "unicode_decimal": 60376
    },
    {
      "icon_id": "7766811",
      "name": "icon_safety",
      "font_class": "icon_safety",
      "unicode": "ebd9",
      "unicode_decimal": 60377
    },
    {
      "icon_id": "7766813",
      "name": "icon_voipphone",
      "font_class": "icon_voipphone",
      "unicode": "ebda",
      "unicode_decimal": 60378
    },
    {
      "icon_id": "7766815",
      "name": "icon_shakehands",
      "font_class": "icon_shakehands",
      "unicode": "ebdb",
      "unicode_decimal": 60379
    },
    {
      "icon_id": "7766817",
      "name": "icon_task_done",
      "font_class": "icon_task_done",
      "unicode": "ebdc",
      "unicode_decimal": 60380
    },
    {
      "icon_id": "7766820",
      "name": "icon_workfile_line",
      "font_class": "icon_workfile_line",
      "unicode": "ebdd",
      "unicode_decimal": 60381
    },
    {
      "icon_id": "7766709",
      "name": "icon_add",
      "font_class": "icon_add",
      "unicode": "eb8f",
      "unicode_decimal": 60303
    },
    {
      "icon_id": "7766710",
      "name": "icon_addmessage",
      "font_class": "icon_addmessage",
      "unicode": "eb90",
      "unicode_decimal": 60304
    },
    {
      "icon_id": "7766711",
      "name": "icon_addresslist",
      "font_class": "icon_addresslist",
      "unicode": "eb91",
      "unicode_decimal": 60305
    },
    {
      "icon_id": "7766712",
      "name": "icon_affiliations_li",
      "font_class": "icon_affiliations_li",
      "unicode": "eb92",
      "unicode_decimal": 60306
    },
    {
      "icon_id": "7766713",
      "name": "icon_addperson",
      "font_class": "icon_addperson",
      "unicode": "eb93",
      "unicode_decimal": 60307
    },
    {
      "icon_id": "7766714",
      "name": "icon_boss",
      "font_class": "icon_boss",
      "unicode": "eb94",
      "unicode_decimal": 60308
    },
    {
      "icon_id": "7766715",
      "name": "icon_alipay_line",
      "font_class": "icon_alipay_line",
      "unicode": "eb95",
      "unicode_decimal": 60309
    },
    {
      "icon_id": "7766716",
      "name": "icon_addressbook",
      "font_class": "icon_addressbook",
      "unicode": "eb96",
      "unicode_decimal": 60310
    },
    {
      "icon_id": "7766717",
      "name": "icon_at",
      "font_class": "icon_at",
      "unicode": "eb97",
      "unicode_decimal": 60311
    },
    {
      "icon_id": "7766718",
      "name": "icon_airplay",
      "font_class": "icon_airplay",
      "unicode": "eb98",
      "unicode_decimal": 60312
    },
    {
      "icon_id": "7766719",
      "name": "icon_calendar",
      "font_class": "icon_calendar",
      "unicode": "eb99",
      "unicode_decimal": 60313
    },
    {
      "icon_id": "7766720",
      "name": "icon_attestation",
      "font_class": "icon_attestation",
      "unicode": "eb9a",
      "unicode_decimal": 60314
    },
    {
      "icon_id": "7766721",
      "name": "icon_camera",
      "font_class": "icon_camera",
      "unicode": "eb9b",
      "unicode_decimal": 60315
    },
    {
      "icon_id": "7766722",
      "name": "icon_certificate_fil",
      "font_class": "icon_certificate_fil",
      "unicode": "eb9c",
      "unicode_decimal": 60316
    },
    {
      "icon_id": "7766723",
      "name": "icon_coinpurse_line",
      "font_class": "icon_coinpurse_line",
      "unicode": "eb9d",
      "unicode_decimal": 60317
    },
    {
      "icon_id": "7766725",
      "name": "icon_compile",
      "font_class": "icon_compile",
      "unicode": "eb9e",
      "unicode_decimal": 60318
    },
    {
      "icon_id": "7766726",
      "name": "icon_details",
      "font_class": "icon_details",
      "unicode": "eb9f",
      "unicode_decimal": 60319
    },
    {
      "icon_id": "7766728",
      "name": "icon_cloud_history",
      "font_class": "icon_cloud_history",
      "unicode": "eba0",
      "unicode_decimal": 60320
    },
    {
      "icon_id": "7766729",
      "name": "icon_community_line",
      "font_class": "icon_community_line",
      "unicode": "eba1",
      "unicode_decimal": 60321
    },
    {
      "icon_id": "7766730",
      "name": "icon_discovery",
      "font_class": "icon_discovery",
      "unicode": "eba2",
      "unicode_decimal": 60322
    },
    {
      "icon_id": "7766731",
      "name": "icon_delete",
      "font_class": "icon_delete",
      "unicode": "eba3",
      "unicode_decimal": 60323
    },
    {
      "icon_id": "7766732",
      "name": "icon_dispose",
      "font_class": "icon_dispose",
      "unicode": "eba4",
      "unicode_decimal": 60324
    },
    {
      "icon_id": "7766733",
      "name": "icon_doc",
      "font_class": "icon_doc",
      "unicode": "eba5",
      "unicode_decimal": 60325
    },
    {
      "icon_id": "7766734",
      "name": "icon_cspace",
      "font_class": "icon_cspace",
      "unicode": "eba6",
      "unicode_decimal": 60326
    }
  ]
}
